{
  "timestamp": 1751917951720,
  "pokemon": [
    {
      "id": "base1-44",
      "pokedex": 1,
      "name": "Bulbasaur",
      "image": "https://images.pokemontcg.io/base1/44_hires.png",
      "number": "44"
    },
    {
      "id": "base1-30",
      "pokedex": 2,
      "name": "Ivysaur",
      "image": "https://images.pokemontcg.io/base1/30_hires.png",
      "number": "30"
    },
    {
      "id": "base1-15",
      "pokedex": 3,
      "name": "Venusaur",
      "image": "https://images.pokemontcg.io/base1/15_hires.png",
      "number": "15"
    },
    {
      "id": "base1-46",
      "pokedex": 4,
      "name": "Charmander",
      "image": "https://images.pokemontcg.io/base1/46_hires.png",
      "number": "46"
    },
    {
      "id": "base1-24",
      "pokedex": 5,
      "name": "Charmeleon",
      "image": "https://images.pokemontcg.io/base1/24_hires.png",
      "number": "24"
    },
    {
      "id": "base1-4",
      "pokedex": 6,
      "name": "Charizard",
      "image": "https://images.pokemontcg.io/base1/4_hires.png",
      "number": "4"
    },
    {
      "id": "base1-63",
      "pokedex": 7,
      "name": "Squirtle",
      "image": "https://images.pokemontcg.io/base1/63_hires.png",
      "number": "63"
    },
    {
      "id": "base1-42",
      "pokedex": 8,
      "name": "Wartortle",
      "image": "https://images.pokemontcg.io/base1/42_hires.png",
      "number": "42"
    },
    {
      "id": "base1-2",
      "pokedex": 9,
      "name": "Blastoise",
      "image": "https://images.pokemontcg.io/base1/2_hires.png",
      "number": "2"
    },
    {
      "id": "base1-45",
      "pokedex": 10,
      "name": "Caterpie",
      "image": "https://images.pokemontcg.io/base1/45_hires.png",
      "number": "45"
    },
    {
      "id": "base1-54",
      "pokedex": 11,
      "name": "Metapod",
      "image": "https://images.pokemontcg.io/base1/54_hires.png",
      "number": "54"
    },
    {
      "id": "base2-33",
      "pokedex": 12,
      "name": "Butterfree",
      "image": "https://images.pokemontcg.io/base2/33_hires.png",
      "number": "33"
    },
    {
      "id": "base1-69",
      "pokedex": 13,
      "name": "Weedle",
      "image": "https://images.pokemontcg.io/base1/69_hires.png",
      "number": "69"
    },
    {
      "id": "base1-33",
      "pokedex": 14,
      "name": "Kakuna",
      "image": "https://images.pokemontcg.io/base1/33_hires.png",
      "number": "33"
    },
    {
      "id": "base1-17",
      "pokedex": 15,
      "name": "Beedrill",
      "image": "https://images.pokemontcg.io/base1/17_hires.png",
      "number": "17"
    },
    {
      "id": "base1-57",
      "pokedex": 16,
      "name": "Pidgey",
      "image": "https://images.pokemontcg.io/base1/57_hires.png",
      "number": "57"
    },
    {
      "id": "base1-22",
      "pokedex": 17,
      "name": "Pidgeotto",
      "image": "https://images.pokemontcg.io/base1/22_hires.png",
      "number": "22"
    },
    {
      "id": "base2-8",
      "pokedex": 18,
      "name": "Pidgeot",
      "image": "https://images.pokemontcg.io/base2/8_hires.png",
      "number": "8"
    },
    {
      "id": "base1-61",
      "pokedex": 19,
      "name": "Rattata",
      "image": "https://images.pokemontcg.io/base1/61_hires.png",
      "number": "61"
    },
    {
      "id": "base1-40",
      "pokedex": 20,
      "name": "Raticate",
      "image": "https://images.pokemontcg.io/base1/40_hires.png",
      "number": "40"
    },
    {
      "id": "base2-62",
      "pokedex": 21,
      "name": "Spearow",
      "image": "https://images.pokemontcg.io/base2/62_hires.png",
      "number": "62"
    },
    {
      "id": "base2-36",
      "pokedex": 22,
      "name": "Fearow",
      "image": "https://images.pokemontcg.io/base2/36_hires.png",
      "number": "36"
    },
    {
      "id": "base3-46",
      "pokedex": 23,
      "name": "Ekans",
      "image": "https://images.pokemontcg.io/base3/46_hires.png",
      "number": "46"
    },
    {
      "id": "base3-31",
      "pokedex": 24,
      "name": "Arbok",
      "image": "https://images.pokemontcg.io/base3/31_hires.png",
      "number": "31"
    },
    {
      "id": "base1-58",
      "pokedex": 25,
      "name": "Pikachu",
      "image": "https://images.pokemontcg.io/base1/58_hires.png",
      "number": "58"
    },
    {
      "id": "base1-14",
      "pokedex": 26,
      "name": "Raichu",
      "image": "https://images.pokemontcg.io/base1/14_hires.png",
      "number": "14"
    },
    {
      "id": "base1-62",
      "pokedex": 27,
      "name": "Sandshrew",
      "image": "https://images.pokemontcg.io/base1/62_hires.png",
      "number": "62"
    },
    {
      "id": "base3-41",
      "pokedex": 28,
      "name": "Sandslash",
      "image": "https://images.pokemontcg.io/base3/41_hires.png",
      "number": "41"
    },
    {
      "id": "base2-57",
      "pokedex": 29,
      "name": "Nidoran ♀",
      "image": "https://images.pokemontcg.io/base2/57_hires.png",
      "number": "57"
    },
    {
      "id": "base2-40",
      "pokedex": 30,
      "name": "Nidorina",
      "image": "https://images.pokemontcg.io/base2/40_hires.png",
      "number": "40"
    },
    {
      "id": "base2-7",
      "pokedex": 31,
      "name": "Nidoqueen",
      "image": "https://images.pokemontcg.io/base2/7_hires.png",
      "number": "7"
    },
    {
      "id": "base1-55",
      "pokedex": 32,
      "name": "Nidoran ♂",
      "image": "https://images.pokemontcg.io/base1/55_hires.png",
      "number": "55"
    },
    {
      "id": "base1-37",
      "pokedex": 33,
      "name": "Nidorino",
      "image": "https://images.pokemontcg.io/base1/37_hires.png",
      "number": "37"
    },
    {
      "id": "base1-11",
      "pokedex": 34,
      "name": "Nidoking",
      "image": "https://images.pokemontcg.io/base1/11_hires.png",
      "number": "11"
    },
    {
      "id": "base1-5",
      "pokedex": 35,
      "name": "Clefairy",
      "image": "https://images.pokemontcg.io/base1/5_hires.png",
      "number": "5"
    },
    {
      "id": "base2-1",
      "pokedex": 36,
      "name": "Clefable",
      "image": "https://images.pokemontcg.io/base2/1_hires.png",
      "number": "1"
    },
    {
      "id": "base1-68",
      "pokedex": 37,
      "name": "Vulpix",
      "image": "https://images.pokemontcg.io/base1/68_hires.png",
      "number": "68"
    },
    {
      "id": "base1-12",
      "pokedex": 38,
      "name": "Ninetales",
      "image": "https://images.pokemontcg.io/base1/12_hires.png",
      "number": "12"
    },
    {
      "id": "base2-54",
      "pokedex": 39,
      "name": "Jigglypuff",
      "image": "https://images.pokemontcg.io/base2/54_hires.png",
      "number": "54"
    },
    {
      "id": "base2-16",
      "pokedex": 40,
      "name": "Wigglytuff",
      "image": "https://images.pokemontcg.io/base2/16_hires.png",
      "number": "16"
    },
    {
      "id": "base3-57",
      "pokedex": 41,
      "name": "Zubat",
      "image": "https://images.pokemontcg.io/base3/57_hires.png",
      "number": "57"
    },
    {
      "id": "base3-34",
      "pokedex": 42,
      "name": "Golbat",
      "image": "https://images.pokemontcg.io/base3/34_hires.png",
      "number": "34"
    },
    {
      "id": "base2-58",
      "pokedex": 43,
      "name": "Oddish",
      "image": "https://images.pokemontcg.io/base2/58_hires.png",
      "number": "58"
    },
    {
      "id": "base2-37",
      "pokedex": 44,
      "name": "Gloom",
      "image": "https://images.pokemontcg.io/base2/37_hires.png",
      "number": "37"
    },
    {
      "id": "base2-15",
      "pokedex": 45,
      "name": "Vileplume",
      "image": "https://images.pokemontcg.io/base2/15_hires.png",
      "number": "15"
    },
    {
      "id": "base2-59",
      "pokedex": 46,
      "name": "Paras",
      "image": "https://images.pokemontcg.io/base2/59_hires.png",
      "number": "59"
    },
    {
      "id": "base2-41",
      "pokedex": 47,
      "name": "Parasect",
      "image": "https://images.pokemontcg.io/base2/41_hires.png",
      "number": "41"
    },
    {
      "id": "base2-63",
      "pokedex": 48,
      "name": "Venonat",
      "image": "https://images.pokemontcg.io/base2/63_hires.png",
      "number": "63"
    },
    {
      "id": "base2-13",
      "pokedex": 49,
      "name": "Venomoth",
      "image": "https://images.pokemontcg.io/base2/13_hires.png",
      "number": "13"
    },
    {
      "id": "base1-47",
      "pokedex": 50,
      "name": "Diglett",
      "image": "https://images.pokemontcg.io/base1/47_hires.png",
      "number": "47"
    },
    {
      "id": "base1-19",
      "pokedex": 51,
      "name": "Dugtrio",
      "image": "https://images.pokemontcg.io/base1/19_hires.png",
      "number": "19"
    },
    {
      "id": "base2-56",
      "pokedex": 52,
      "name": "Meowth",
      "image": "https://images.pokemontcg.io/base2/56_hires.png",
      "number": "56"
    },
    {
      "id": "base2-42",
      "pokedex": 53,
      "name": "Persian",
      "image": "https://images.pokemontcg.io/base2/42_hires.png",
      "number": "42"
    },
    {
      "id": "base3-53",
      "pokedex": 54,
      "name": "Psyduck",
      "image": "https://images.pokemontcg.io/base3/53_hires.png",
      "number": "53"
    },
    {
      "id": "base3-35",
      "pokedex": 55,
      "name": "Golduck",
      "image": "https://images.pokemontcg.io/base3/35_hires.png",
      "number": "35"
    },
    {
      "id": "base2-55",
      "pokedex": 56,
      "name": "Mankey",
      "image": "https://images.pokemontcg.io/base2/55_hires.png",
      "number": "55"
    },
    {
      "id": "base2-43",
      "pokedex": 57,
      "name": "Primeape",
      "image": "https://images.pokemontcg.io/base2/43_hires.png",
      "number": "43"
    },
    {
      "id": "base1-28",
      "pokedex": 58,
      "name": "Growlithe",
      "image": "https://images.pokemontcg.io/base1/28_hires.png",
      "number": "28"
    },
    {
      "id": "base1-23",
      "pokedex": 59,
      "name": "Arcanine",
      "image": "https://images.pokemontcg.io/base1/23_hires.png",
      "number": "23"
    },
    {
      "id": "base1-59",
      "pokedex": 60,
      "name": "Poliwag",
      "image": "https://images.pokemontcg.io/base1/59_hires.png",
      "number": "59"
    },
    {
      "id": "base1-38",
      "pokedex": 61,
      "name": "Poliwhirl",
      "image": "https://images.pokemontcg.io/base1/38_hires.png",
      "number": "38"
    },
    {
      "id": "base1-13",
      "pokedex": 62,
      "name": "Poliwrath",
      "image": "https://images.pokemontcg.io/base1/13_hires.png",
      "number": "13"
    },
    {
      "id": "base1-43",
      "pokedex": 63,
      "name": "Abra",
      "image": "https://images.pokemontcg.io/base1/43_hires.png",
      "number": "43"
    },
    {
      "id": "base1-32",
      "pokedex": 64,
      "name": "Kadabra",
      "image": "https://images.pokemontcg.io/base1/32_hires.png",
      "number": "32"
    },
    {
      "id": "base1-1",
      "pokedex": 65,
      "name": "Alakazam",
      "image": "https://images.pokemontcg.io/base1/1_hires.png",
      "number": "1"
    },
    {
      "id": "base1-52",
      "pokedex": 66,
      "name": "Machop",
      "image": "https://images.pokemontcg.io/base1/52_hires.png",
      "number": "52"
    },
    {
      "id": "base1-34",
      "pokedex": 67,
      "name": "Machoke",
      "image": "https://images.pokemontcg.io/base1/34_hires.png",
      "number": "34"
    },
    {
      "id": "base1-8",
      "pokedex": 68,
      "name": "Machamp",
      "image": "https://images.pokemontcg.io/base1/8_hires.png",
      "number": "8"
    },
    {
      "id": "base2-49",
      "pokedex": 69,
      "name": "Bellsprout",
      "image": "https://images.pokemontcg.io/base2/49_hires.png",
      "number": "49"
    },
    {
      "id": "base2-48",
      "pokedex": 70,
      "name": "Weepinbell",
      "image": "https://images.pokemontcg.io/base2/48_hires.png",
      "number": "48"
    },
    {
      "id": "base2-14",
      "pokedex": 71,
      "name": "Victreebel",
      "image": "https://images.pokemontcg.io/base2/14_hires.png",
      "number": "14"
    },
    {
      "id": "base3-56",
      "pokedex": 72,
      "name": "Tentacool",
      "image": "https://images.pokemontcg.io/base3/56_hires.png",
      "number": "56"
    },
    {
      "id": "base3-44",
      "pokedex": 73,
      "name": "Tentacruel",
      "image": "https://images.pokemontcg.io/base3/44_hires.png",
      "number": "44"
    },
    {
      "id": "base3-47",
      "pokedex": 74,
      "name": "Geodude",
      "image": "https://images.pokemontcg.io/base3/47_hires.png",
      "number": "47"
    },
    {
      "id": "base3-37",
      "pokedex": 75,
      "name": "Graveler",
      "image": "https://images.pokemontcg.io/base3/37_hires.png",
      "number": "37"
    },
    {
      "id": "base3-36",
      "pokedex": 76,
      "name": "Golem",
      "image": "https://images.pokemontcg.io/base3/36_hires.png",
      "number": "36"
    },
    {
      "id": "base1-60",
      "pokedex": 77,
      "name": "Ponyta",
      "image": "https://images.pokemontcg.io/base1/60_hires.png",
      "number": "60"
    },
    {
      "id": "base2-44",
      "pokedex": 78,
      "name": "Rapidash",
      "image": "https://images.pokemontcg.io/base2/44_hires.png",
      "number": "44"
    },
    {
      "id": "base3-55",
      "pokedex": 79,
      "name": "Slowpoke",
      "image": "https://images.pokemontcg.io/base3/55_hires.png",
      "number": "55"
    },
    {
      "id": "base3-43",
      "pokedex": 80,
      "name": "Slowbro",
      "image": "https://images.pokemontcg.io/base3/43_hires.png",
      "number": "43"
    },
    {
      "id": "base1-53",
      "pokedex": 81,
      "name": "Magnemite",
      "image": "https://images.pokemontcg.io/base1/53_hires.png",
      "number": "53"
    },
    {
      "id": "base1-9",
      "pokedex": 82,
      "name": "Magneton",
      "image": "https://images.pokemontcg.io/base1/9_hires.png",
      "number": "9"
    },
    {
      "id": "base1-27",
      "pokedex": 83,
      "name": "Farfetch'd",
      "image": "https://images.pokemontcg.io/base1/27_hires.png",
      "number": "27"
    },
    {
      "id": "base1-48",
      "pokedex": 84,
      "name": "Doduo",
      "image": "https://images.pokemontcg.io/base1/48_hires.png",
      "number": "48"
    },
    {
      "id": "base2-34",
      "pokedex": 85,
      "name": "Dodrio",
      "image": "https://images.pokemontcg.io/base2/34_hires.png",
      "number": "34"
    },
    {
      "id": "base1-41",
      "pokedex": 86,
      "name": "Seel",
      "image": "https://images.pokemontcg.io/base1/41_hires.png",
      "number": "41"
    },
    {
      "id": "base1-25",
      "pokedex": 87,
      "name": "Dewgong",
      "image": "https://images.pokemontcg.io/base1/25_hires.png",
      "number": "25"
    },
    {
      "id": "base3-48",
      "pokedex": 88,
      "name": "Grimer",
      "image": "https://images.pokemontcg.io/base3/48_hires.png",
      "number": "48"
    },
    {
      "id": "base3-13",
      "pokedex": 89,
      "name": "Muk",
      "image": "https://images.pokemontcg.io/base3/13_hires.png",
      "number": "13"
    },
    {
      "id": "base3-54",
      "pokedex": 90,
      "name": "Shellder",
      "image": "https://images.pokemontcg.io/base3/54_hires.png",
      "number": "54"
    },
    {
      "id": "base3-32",
      "pokedex": 91,
      "name": "Cloyster",
      "image": "https://images.pokemontcg.io/base3/32_hires.png",
      "number": "32"
    },
    {
      "id": "base1-50",
      "pokedex": 92,
      "name": "Gastly",
      "image": "https://images.pokemontcg.io/base1/50_hires.png",
      "number": "50"
    },
    {
      "id": "base1-29",
      "pokedex": 93,
      "name": "Haunter",
      "image": "https://images.pokemontcg.io/base1/29_hires.png",
      "number": "29"
    },
    {
      "id": "base3-5",
      "pokedex": 94,
      "name": "Gengar",
      "image": "https://images.pokemontcg.io/base3/5_hires.png",
      "number": "5"
    },
    {
      "id": "base1-56",
      "pokedex": 95,
      "name": "Onix",
      "image": "https://images.pokemontcg.io/base1/56_hires.png",
      "number": "56"
    },
    {
      "id": "base1-49",
      "pokedex": 96,
      "name": "Drowzee",
      "image": "https://images.pokemontcg.io/base1/49_hires.png",
      "number": "49"
    },
    {
      "id": "base3-8",
      "pokedex": 97,
      "name": "Hypno",
      "image": "https://images.pokemontcg.io/base3/8_hires.png",
      "number": "8"
    },
    {
      "id": "base3-51",
      "pokedex": 98,
      "name": "Krabby",
      "image": "https://images.pokemontcg.io/base3/51_hires.png",
      "number": "51"
    },
    {
      "id": "base3-38",
      "pokedex": 99,
      "name": "Kingler",
      "image": "https://images.pokemontcg.io/base3/38_hires.png",
      "number": "38"
    },
    {
      "id": "base1-67",
      "pokedex": 100,
      "name": "Voltorb",
      "image": "https://images.pokemontcg.io/base1/67_hires.png",
      "number": "67"
    },
    {
      "id": "base1-21",
      "pokedex": 101,
      "name": "Electrode",
      "image": "https://images.pokemontcg.io/base1/21_hires.png",
      "number": "21"
    },
    {
      "id": "base2-52",
      "pokedex": 102,
      "name": "Exeggcute",
      "image": "https://images.pokemontcg.io/base2/52_hires.png",
      "number": "52"
    },
    {
      "id": "base2-35",
      "pokedex": 103,
      "name": "Exeggutor",
      "image": "https://images.pokemontcg.io/base2/35_hires.png",
      "number": "35"
    },
    {
      "id": "base2-50",
      "pokedex": 104,
      "name": "Cubone",
      "image": "https://images.pokemontcg.io/base2/50_hires.png",
      "number": "50"
    },
    {
      "id": "base2-39",
      "pokedex": 105,
      "name": "Marowak",
      "image": "https://images.pokemontcg.io/base2/39_hires.png",
      "number": "39"
    },
    {
      "id": "base3-7",
      "pokedex": 106,
      "name": "Hitmonlee",
      "image": "https://images.pokemontcg.io/base3/7_hires.png",
      "number": "7"
    },
    {
      "id": "base1-7",
      "pokedex": 107,
      "name": "Hitmonchan",
      "image": "https://images.pokemontcg.io/base1/7_hires.png",
      "number": "7"
    },
    {
      "id": "base2-38",
      "pokedex": 108,
      "name": "Lickitung",
      "image": "https://images.pokemontcg.io/base2/38_hires.png",
      "number": "38"
    },
    {
      "id": "base1-51",
      "pokedex": 109,
      "name": "Koffing",
      "image": "https://images.pokemontcg.io/base1/51_hires.png",
      "number": "51"
    },
    {
      "id": "base3-45",
      "pokedex": 110,
      "name": "Weezing",
      "image": "https://images.pokemontcg.io/base3/45_hires.png",
      "number": "45"
    },
    {
      "id": "base2-61",
      "pokedex": 111,
      "name": "Rhyhorn",
      "image": "https://images.pokemontcg.io/base2/61_hires.png",
      "number": "61"
    },
    {
      "id": "base2-45",
      "pokedex": 112,
      "name": "Rhydon",
      "image": "https://images.pokemontcg.io/base2/45_hires.png",
      "number": "45"
    },
    {
      "id": "base1-3",
      "pokedex": 113,
      "name": "Chansey",
      "image": "https://images.pokemontcg.io/base1/3_hires.png",
      "number": "3"
    },
    {
      "id": "base1-66",
      "pokedex": 114,
      "name": "Tangela",
      "image": "https://images.pokemontcg.io/base1/66_hires.png",
      "number": "66"
    },
    {
      "id": "base2-5",
      "pokedex": 115,
      "name": "Kangaskhan",
      "image": "https://images.pokemontcg.io/base2/5_hires.png",
      "number": "5"
    },
    {
      "id": "base3-49",
      "pokedex": 116,
      "name": "Horsea",
      "image": "https://images.pokemontcg.io/base3/49_hires.png",
      "number": "49"
    },
    {
      "id": "base3-42",
      "pokedex": 117,
      "name": "Seadra",
      "image": "https://images.pokemontcg.io/base3/42_hires.png",
      "number": "42"
    },
    {
      "id": "base2-53",
      "pokedex": 118,
      "name": "Goldeen",
      "image": "https://images.pokemontcg.io/base2/53_hires.png",
      "number": "53"
    },
    {
      "id": "base2-46",
      "pokedex": 119,
      "name": "Seaking",
      "image": "https://images.pokemontcg.io/base2/46_hires.png",
      "number": "46"
    },
    {
      "id": "base1-65",
      "pokedex": 120,
      "name": "Staryu",
      "image": "https://images.pokemontcg.io/base1/65_hires.png",
      "number": "65"
    },
    {
      "id": "base1-64",
      "pokedex": 121,
      "name": "Starmie",
      "image": "https://images.pokemontcg.io/base1/64_hires.png",
      "number": "64"
    },
    {
      "id": "base2-6",
      "pokedex": 122,
      "name": "Mr. Mime",
      "image": "https://images.pokemontcg.io/base2/6_hires.png",
      "number": "6"
    },
    {
      "id": "base2-10",
      "pokedex": 123,
      "name": "Scyther",
      "image": "https://images.pokemontcg.io/base2/10_hires.png",
      "number": "10"
    },
    {
      "id": "base1-31",
      "pokedex": 124,
      "name": "Jynx",
      "image": "https://images.pokemontcg.io/base1/31_hires.png",
      "number": "31"
    },
    {
      "id": "base1-20",
      "pokedex": 125,
      "name": "Electabuzz",
      "image": "https://images.pokemontcg.io/base1/20_hires.png",
      "number": "20"
    },
    {
      "id": "base1-36",
      "pokedex": 126,
      "name": "Magmar",
      "image": "https://images.pokemontcg.io/base1/36_hires.png",
      "number": "36"
    },
    {
      "id": "base2-9",
      "pokedex": 127,
      "name": "Pinsir",
      "image": "https://images.pokemontcg.io/base2/9_hires.png",
      "number": "9"
    },
    {
      "id": "base2-47",
      "pokedex": 128,
      "name": "Tauros",
      "image": "https://images.pokemontcg.io/base2/47_hires.png",
      "number": "47"
    },
    {
      "id": "base1-35",
      "pokedex": 129,
      "name": "Magikarp",
      "image": "https://images.pokemontcg.io/base1/35_hires.png",
      "number": "35"
    },
    {
      "id": "base1-6",
      "pokedex": 130,
      "name": "Gyarados",
      "image": "https://images.pokemontcg.io/base1/6_hires.png",
      "number": "6"
    },
    {
      "id": "base3-10",
      "pokedex": 131,
      "name": "Lapras",
      "image": "https://images.pokemontcg.io/base3/10_hires.png",
      "number": "10"
    },
    {
      "id": "base3-3",
      "pokedex": 132,
      "name": "Ditto",
      "image": "https://images.pokemontcg.io/base3/3_hires.png",
      "number": "3"
    },
    {
      "id": "base2-51",
      "pokedex": 133,
      "name": "Eevee",
      "image": "https://images.pokemontcg.io/base2/51_hires.png",
      "number": "51"
    },
    {
      "id": "base2-12",
      "pokedex": 134,
      "name": "Vaporeon",
      "image": "https://images.pokemontcg.io/base2/12_hires.png",
      "number": "12"
    },
    {
      "id": "base2-4",
      "pokedex": 135,
      "name": "Jolteon",
      "image": "https://images.pokemontcg.io/base2/4_hires.png",
      "number": "4"
    },
    {
      "id": "base2-3",
      "pokedex": 136,
      "name": "Flareon",
      "image": "https://images.pokemontcg.io/base2/3_hires.png",
      "number": "3"
    },
    {
      "id": "base1-39",
      "pokedex": 137,
      "name": "Porygon",
      "image": "https://images.pokemontcg.io/base1/39_hires.png",
      "number": "39"
    },
    {
      "id": "base3-52",
      "pokedex": 138,
      "name": "Omanyte",
      "image": "https://images.pokemontcg.io/base3/52_hires.png",
      "number": "52"
    },
    {
      "id": "base3-40",
      "pokedex": 139,
      "name": "Omastar",
      "image": "https://images.pokemontcg.io/base3/40_hires.png",
      "number": "40"
    },
    {
      "id": "base3-50",
      "pokedex": 140,
      "name": "Kabuto",
      "image": "https://images.pokemontcg.io/base3/50_hires.png",
      "number": "50"
    },
    {
      "id": "base3-9",
      "pokedex": 141,
      "name": "Kabutops",
      "image": "https://images.pokemontcg.io/base3/9_hires.png",
      "number": "9"
    },
    {
      "id": "base3-1",
      "pokedex": 142,
      "name": "Aerodactyl",
      "image": "https://images.pokemontcg.io/base3/1_hires.png",
      "number": "1"
    },
    {
      "id": "base2-11",
      "pokedex": 143,
      "name": "Snorlax",
      "image": "https://images.pokemontcg.io/base2/11_hires.png",
      "number": "11"
    },
    {
      "id": "base3-2",
      "pokedex": 144,
      "name": "Articuno",
      "image": "https://images.pokemontcg.io/base3/2_hires.png",
      "number": "2"
    },
    {
      "id": "base1-16",
      "pokedex": 145,
      "name": "Zapdos",
      "image": "https://images.pokemontcg.io/base1/16_hires.png",
      "number": "16"
    },
    {
      "id": "base3-12",
      "pokedex": 146,
      "name": "Moltres",
      "image": "https://images.pokemontcg.io/base3/12_hires.png",
      "number": "12"
    },
    {
      "id": "base1-26",
      "pokedex": 147,
      "name": "Dratini",
      "image": "https://images.pokemontcg.io/base1/26_hires.png",
      "number": "26"
    },
    {
      "id": "base1-18",
      "pokedex": 148,
      "name": "Dragonair",
      "image": "https://images.pokemontcg.io/base1/18_hires.png",
      "number": "18"
    },
    {
      "id": "base3-4",
      "pokedex": 149,
      "name": "Dragonite",
      "image": "https://images.pokemontcg.io/base3/4_hires.png",
      "number": "4"
    },
    {
      "id": "base1-10",
      "pokedex": 150,
      "name": "Mewtwo",
      "image": "https://images.pokemontcg.io/base1/10_hires.png",
      "number": "10"
    }
  ]
}